uniprot_pos,uniprot_aa,pdb_chain,pdb_modeled_index,pdb_resseq,pdb_icode,pdb_aa,match
1,M,E,1.0,29.0, ,A,0.0
2,A,E,2.0,30.0, ,A,1.0
3,K,,,,,,
4,L,,,,,,
5,T,,,,,,
6,I,,,,,,
7,L,,,,,,
8,V,,,,,,
9,A,,,,,,
10,L,,,,,,
11,A,,,,,,
12,L,,,,,,
13,F,,,,,,
14,L,,,,,,
15,L,,,,,,
16,A,,,,,,
17,A,,,,,,
18,H,,,,,,
19,A,,,,,,
20,S,,,,,,
21,A,,,,,,
22,R,,,,,,
23,Q,,,,,,
24,Q,,,,,,
25,W,,,,,,
26,E,,,,,,
27,L,,,,,,
28,Q,,,,,,
29,G,,,,,,
30,D,,,,,,
31,R,E,3.0,31.0, ,R,1.0
32,R,E,4.0,32.0, ,R,1.0
33,C,E,5.0,33.0, ,C,1.0
34,Q,E,6.0,34.0, ,Q,1.0
35,S,E,7.0,35.0, ,S,1.0
36,Q,E,8.0,36.0, ,Q,1.0
37,L,E,9.0,37.0, ,L,1.0
38,E,E,10.0,38.0, ,E,1.0
39,R,E,11.0,39.0, ,R,1.0
40,A,E,12.0,40.0, ,A,1.0
41,N,E,13.0,41.0, ,N,1.0
42,L,E,14.0,42.0, ,L,1.0
43,R,E,15.0,43.0, ,R,1.0
44,P,E,16.0,44.0, ,P,1.0
45,C,E,17.0,45.0, ,C,1.0
46,E,E,18.0,46.0, ,E,1.0
47,Q,E,19.0,47.0, ,Q,1.0
48,H,E,20.0,48.0, ,H,1.0
49,L,E,21.0,49.0, ,L,1.0
50,M,E,22.0,50.0, ,M,1.0
51,Q,E,23.0,51.0, ,Q,1.0
52,K,E,24.0,52.0, ,K,1.0
53,I,E,25.0,53.0, ,I,1.0
54,Q,E,26.0,54.0, ,Q,1.0
55,R,E,27.0,55.0, ,R,1.0
56,D,,,,,,
57,E,,,,,,
58,D,,,,,,
59,S,,,,,,
60,Y,,,,,,
61,G,,,,,,
62,R,,,,,,
63,D,,,,,,
64,P,,,,,,
65,Y,,,,,,
66,S,,,,,,
67,P,,,,,,
68,S,,,,,,
69,Q,,,,,,
70,D,,,,,,
71,P,,,,,,
72,Y,,,,,,
73,S,,,,,,
74,P,,,,,,
75,S,,,,,,
76,Q,,,,,,
77,D,,,,,,
78,P,,,,,,
79,D,,,,,,
80,R,,,,,,
81,R,,,,,,
82,D,,,,,,
83,P,,,,,,
84,Y,,,,,,
85,S,,,,,,
86,P,,,,,,
87,S,,,,,,
88,P,,,,,,
89,Y,,,,,,
90,D,,,,,,
91,R,,,,,,
92,R,,,,,,
93,G,,,,,,
94,A,,,,,,
95,G,,,,,,
96,S,,,,,,
97,S,E,28.0,85.0, ,S,1.0
98,Q,E,29.0,86.0, ,Q,1.0
99,H,E,30.0,87.0, ,H,1.0
100,Q,E,31.0,88.0, ,Q,1.0
101,E,E,32.0,89.0, ,E,1.0
102,R,E,33.0,90.0, ,R,1.0
103,C,E,34.0,91.0, ,C,1.0
104,C,E,35.0,92.0, ,C,1.0
105,N,E,36.0,93.0, ,N,1.0
106,E,E,37.0,94.0, ,E,1.0
107,L,E,38.0,95.0, ,L,1.0
108,N,E,39.0,96.0, ,N,1.0
109,E,E,40.0,97.0, ,E,1.0
110,F,E,41.0,98.0, ,F,1.0
111,E,E,42.0,99.0, ,E,1.0
112,N,E,43.0,100.0, ,N,1.0
113,N,E,44.0,101.0, ,N,1.0
114,Q,E,45.0,102.0, ,Q,1.0
115,R,E,46.0,103.0, ,R,1.0
116,C,E,47.0,104.0, ,C,1.0
117,M,E,48.0,105.0, ,M,1.0
118,C,E,49.0,106.0, ,C,1.0
119,E,E,50.0,107.0, ,E,1.0
120,A,E,51.0,108.0, ,A,1.0
121,L,E,52.0,109.0, ,L,1.0
122,Q,E,53.0,110.0, ,Q,1.0
123,Q,E,54.0,111.0, ,Q,1.0
124,I,E,55.0,112.0, ,I,1.0
125,M,E,56.0,113.0, ,M,1.0
126,E,E,57.0,114.0, ,E,1.0
127,N,E,58.0,115.0, ,N,1.0
128,Q,E,59.0,116.0, ,Q,1.0
129,S,E,60.0,117.0, ,S,1.0
130,D,E,61.0,118.0, ,D,1.0
131,R,E,62.0,119.0, ,R,1.0
132,L,E,63.0,120.0, ,L,1.0
133,Q,E,64.0,121.0, ,Q,1.0
134,G,E,65.0,122.0, ,G,1.0
135,R,E,66.0,123.0, ,R,1.0
136,Q,E,67.0,124.0, ,Q,1.0
137,Q,E,68.0,125.0, ,Q,1.0
138,E,E,69.0,126.0, ,E,1.0
139,Q,E,70.0,127.0, ,Q,1.0
140,Q,E,71.0,128.0, ,Q,1.0
141,F,E,72.0,129.0, ,F,1.0
142,K,E,73.0,130.0, ,K,1.0
143,R,E,74.0,131.0, ,R,1.0
144,E,E,75.0,132.0, ,E,1.0
145,L,E,76.0,133.0, ,L,1.0
146,R,E,77.0,134.0, ,R,1.0
147,N,E,78.0,135.0, ,N,1.0
148,L,E,79.0,136.0, ,L,1.0
149,P,E,80.0,137.0, ,P,1.0
150,Q,E,81.0,138.0, ,Q,1.0
151,Q,E,82.0,139.0, ,Q,1.0
152,C,E,83.0,140.0, ,C,1.0
153,G,E,84.0,141.0, ,G,1.0
154,L,E,85.0,142.0, ,L,1.0
155,R,E,86.0,143.0, ,R,1.0
156,A,E,87.0,144.0, ,A,1.0
157,P,E,88.0,145.0, ,P,1.0
158,Q,E,89.0,146.0, ,Q,1.0
159,R,E,90.0,147.0, ,R,1.0
160,C,E,91.0,148.0, ,C,1.0
161,D,E,92.0,149.0, ,D,1.0
162,L,E,93.0,150.0, ,L,1.0
163,E,E,94.0,151.0, ,D,0.0
164,V,E,95.0,152.0, ,V,1.0
165,E,,,,,,
166,S,,,,,,
167,G,,,,,,
168,G,,,,,,
169,R,,,,,,
170,D,,,,,,
171,R,,,,,,
172,Y,,,,,,
